{
  "id": "d-b38f1b71af6e4ad4a1e6a3d057d68807",
  "name": "MemberChange",
  "generation": "dynamic",
  "updated_at": "2019-10-07 20:45:00",
  "versions": [
    {
      "id": "3601afe1-4543-49f5-bb9a-d8af67f3a7c2",
      "user_id": 12461247,
      "template_id": "d-b38f1b71af6e4ad4a1e6a3d057d68807",
      "active": 1,
      "name": "main",
      "html_content": "<!DOCTYPE html>\n<html lang=\"en\" xmlns=\"http://www.w3.org/1999/xhtml\" xmlns:v=\"urn:schemas-microsoft-com:vml\" xmlns:o=\"urn:schemas-microsoft-com:office:office\">\n<head>\n  <meta charset=\"utf-8\"> <!-- utf-8 works for most cases -->\n<meta name=\"viewport\" content=\"width=device-width\"> <!-- Forcing initial-scale shouldn't be necessary -->\n<meta http-equiv=\"X-UA-Compatible\" content=\"IE=edge\"> <!-- Use the latest (edge) version of IE rendering engine -->\n<meta name=\"x-apple-disable-message-reformatting\">  <!-- Disable auto-scale in iOS 10 Mail entirely -->\n<meta name=\"format-detection\" content=\"telephone=no,address=no,email=no,date=no,url=no\"> <!-- Tell iOS not to automatically link certain text strings. -->\n\n  <title>Membership has changed for {{org.name}}</title> <!-- The title tag shows in email notifications, like Android 4.4. -->\n  \n  <!-- Web Font / @font-face : BEGIN -->\n<style>\n  @import url('https://fonts.googleapis.com/css?family=Rubik:300,400,500');\n</style>\n<!-- Web Font / @font-face : END -->\n\n<!-- CSS Reset : BEGIN -->\n<style>\n\n  /* What it does: Remove spaces around the email design added by some email clients. */\n  /* Beware: It can remove the padding / margin and add a background color to the compose a reply window. */\n  html,\n  body {\n    margin: 0 !important;\n    padding: 0 !important;\n    height: 100% !important;\n    width: 100% !important;\n  }\n\n  /* What it does: Stops email clients resizing small text. */\n  * {\n    -ms-text-size-adjust: 100%;\n    -webkit-text-size-adjust: 100%;\n  }\n\n  /* What it does: Centers email on Android 4.4 */\n  div[style*=\"margin: 16px 0\"] {\n    margin: 0 !important;\n  }\n\n  /* What it does: Stops Outlook from adding extra spacing to tables. */\n  table,\n  td {\n    mso-table-lspace: 0pt !important;\n    mso-table-rspace: 0pt !important;\n  }\n\n  /* What it does: Replaces default bold style. */\n  th {\n    font-weight: normal;\n  }\n\n  /* What it does: Fixes webkit padding issue. */\n  table {\n    border-spacing: 0 !important;\n    border-collapse: collapse !important;\n    table-layout: fixed !important;\n    margin: 0 auto !important;\n  }\n\n  /* What it does: Prevents Windows 10 Mail from underlining links despite inline CSS. Styles for underlined links should be inline. */\n  a {\n    text-decoration: none;\n  }\n\n  /* What it does: Uses a better rendering method when resizing images in IE. */\n  img {\n    -ms-interpolation-mode:bicubic;\n  }\n\n  /* What it does: A work-around for email clients meddling in triggered links. */\n  a[x-apple-data-detectors],  /* iOS */\n  .unstyle-auto-detected-links a,\n  .aBn {\n    border-bottom: 0 !important;\n    cursor: default !important;\n    color: inherit !important;\n    text-decoration: none !important;\n    font-size: inherit !important;\n    font-family: inherit !important;\n    font-weight: inherit !important;\n    line-height: inherit !important;\n  }\n\n  /* What it does: Prevents Gmail from changing the text color in conversation threads. */\n  .im {\n    color: inherit !important;\n  }\n\n  /* What it does: Prevents Gmail from displaying a download button on large, non-linked images. */\n  .a6S {\n     display: none !important;\n     opacity: 0.01 !important;\n  }\n  /* If the above doesn't work, add a .g-img class to any image in question. */\n  img.g-img + div {\n     display: none !important;\n  }\n\n  /* What it does: Removes right gutter in Gmail iOS app: https://github.com/TedGoas/Cerberus/issues/89  */\n  /* Create one of these media queries for each additional viewport size you'd like to fix */\n\n  /* iPhone 4, 4S, 5, 5S, 5C, and 5SE */\n  @media only screen and (min-device-width: 320px) and (max-device-width: 374px) {\n    u ~ div .email-container {\n      min-width: 320px !important;\n    }\n  }\n  /* iPhone 6, 6S, 7, 8, and X */\n  @media only screen and (min-device-width: 375px) and (max-device-width: 413px) {\n    u ~ div .email-container {\n      min-width: 375px !important;\n    }\n  }\n  /* iPhone 6+, 7+, and 8+ */\n  @media only screen and (min-device-width: 414px) {\n    u ~ div .email-container {\n      min-width: 414px !important;\n    }\n  }\n\n</style>\n\n<!-- Desktop Outlook chokes on web font references and defaults to Times New Roman, so we force a safe fallback font. -->\n<!--[if mso]>\n<style>\n  body, table tr, table td, a, span, table.MsoNormalTable {\n    font-family: Arial, sans-serif !important;\n  }\n</style>\n<![endif]-->\n<!-- What it does: Makes background images in 72ppi Outlook render at correct size. -->\n<!--[if gte mso 9]>\n<xml>\n    <o:OfficeDocumentSettings>\n        <o:AllowPNG/>\n        <o:PixelsPerInch>96</o:PixelsPerInch>\n    </o:OfficeDocumentSettings>\n</xml>\n<![endif]-->\n\n<!-- CSS Reset : END -->\n\n<!-- Progressive Enhancements : BEGIN -->\n<style>\n  .shared-with a {color:#000000!important; text-decoration:underline!important;}\n  /* What it does: Hover styles for buttons */\n  .button-td,\n  .button-a {\n    transition: all 100ms ease-in;\n  }\n  .button-td-primary:hover,\n  .button-a-primary:hover {\n    background: #017954 !important;\n    border-color: #017954 !important;\n  }\n  \n  .button-td-secondary:hover,\n  .button-a-secondary:hover {\n    background: #2A6CF6 !important;\n    border-color: #2A6CF6 !important;\n  }\n  \n  .body-container {\n  \tborder: 1px solid #ededed;\n  }\n\n\n  /* Media Queries */\n  @media screen and (max-width: 600px) {\n\n    .email-container {\n      width: 100% !important;\n      margin: auto !important;\n    }\n\n    /* What it does: Forces table cells into full-width rows. */\n    .stack-column,\n    .stack-column-center {\n      display: block !important;\n      width: 100% !important;\n      max-width: 100% !important;\n      direction: ltr !important;\n    }\n    /* And center justify these ones. */\n    .stack-column-center {\n      text-align: center !important;\n    }\n\n    /* What it does: Generic utility class for centering. Useful for images, buttons, and nested tables. */\n    .center-on-narrow {\n      text-align: center !important;\n      display: block !important;\n      margin-left: auto !important;\n      margin-right: auto !important;\n      float: none !important;\n    }\n    table.center-on-narrow {\n      display: inline-block !important;\n    }\n\n    /* What it does: Adjust typography on small screens to improve readability */\n    .email-container p {\n      font-size: 16px !important;\n      line-height: 20px !important;\n    }\n    \n    .hideOnMobile {\n    \tdisplay: none !important;\n    }\n  }\n\n</style>\n<!-- Progressive Enhancements : END -->\n\n</head>\n<!--\n\tThe email background color (#FCFCFE) is defined in three places:\n\t1. body tag: for most email clients\n\t2. center tag: for Gmail and Inbox mobile apps and web versions of Gmail, GSuite, Inbox, Yahoo, AOL, Libero, Comcast, freenet, Mail.ru, Orange.fr\n\t3. mso conditional: For Windows 10 Mail\n-->\n<body width=\"100%\" style=\"margin: 0; padding: 0 !important; mso-line-height-rule: exactly; background-color: #FCFCFE;\">\n  <center style=\"width: 100%; background-color: #FCFCFE;\">\n    <!--[if mso | IE]>\n    <table role=\"presentation\" border=\"0\" cellpadding=\"0\" cellspacing=\"0\" width=\"100%\" style=\"background-color: #FCFCFE;\">\n    <tr>\n    <td>\n    <![endif]-->\n\n   \n    <!-- Clear Spacer : BEGIN -->\n    <tr>\n      <td aria-hidden=\"true\" height=\"20\" style=\"background: #FCFCFE; font-size: 0px; line-height: 0px;\">\n        &nbsp;\n      </td>\n    </tr>\n    <!-- Clear Spacer : END -->\n\n    <!-- Email Body : BEGIN -->\n    <table align=\"center\" role=\"presentation\" cellspacing=\"0\" cellpadding=\"0\" border=\"0\" width=\"600\" style=\"margin: auto;\" class=\"email-container body-container\">\n\n      <!-- Email Header : BEGIN -->\n<tr>\n  <td style=\"padding: 20px 50px; text-align: left; background: #FFFFFF;\">\n    <img src=\"https://marketing-image-production.s3.amazonaws.com/uploads/c7b9ab80cb9a8998cfb74340edf4a56983dc0072e304bc1379c0776363ffc625d9254ec9886e62470252d6ac9cd003ee989aa81aa7f1b380832c37e0bfe0c12c.png\" width=\"100\" alt=\"Grist\" border=\"0\" style=\"height: auto; background: #FFFFFF; font-family: 'Rubik', Arial, sans-serif; font-size: 15px; line-height: 15px; color: #07070B;\">\n  </td>\n</tr>\n<!-- Email Header : END -->\n\n      <!-- 1 Column Text + Button : BEGIN -->\n      <tr>\n        <td style=\"background-color: #FFFFFF;\">\n          <table role=\"presentation\" cellspacing=\"0\" cellpadding=\"0\" border=\"0\" width=\"100%\">\n            <tr>\n              <td style=\"padding: 10px 50px; font-family: 'Rubik', Arial, sans-serif; font-size: 14px; line-height: 20px; color: #07070B; text-align: left;\">\n                <h1 style=\"margin: 0 0 10px; font-size: 23px; font-weight: 400; line-height: 26px;\">\n                  Membership has changed for {{org.name}}.\n                </h1>\n                <ul style=\"margin: 20px 0 10px; color: #555555;\">\n                {{#added}}\n                  <li>User {{name}} {{email}} was added.</li>\n                {{/added}}\n                {{#removed}}\n                  <li>User {{name}} {{email}} was removed.</li>\n                {{/removed}}\n                </ul>\n                  <p>The price of your plan is determined by the number of users, which is now {{countAfter}}.</p>\n              </td>\n            </tr>\n          </table>\n        </td>\n      </tr>\n      <!-- 1 Column Text + Button : END -->\n      \n      <!-- Thumbnail Left, Text Right : BEGIN -->\n      <tr>\n        <td dir=\"ltr\" width=\"100%\" style=\"padding: 10px 50px; background-color: #ffffff;\">\n          <table role=\"presentation\" border=\"0\" cellpadding=\"0\" cellspacing=\"0\" width=\"100%\">\n            <tr>\n              <!-- Column : BEGIN -->\n              <th width=\"30%\" class=\"stack-column-center\">\n                <table role=\"presentation\" border=\"0\" cellpadding=\"0\" cellspacing=\"0\" width=\"100%\">\n                  <tr>\n                    <td dir=\"ltr\" valign=\"top\" style=\"padding: 10px 0; text-align: left;\">\n                      <img src=\"http://cdn.mcauto-images-production.sendgrid.net/0b221b5033f4eb0f/d6d1e0d4-db24-4806-a777-5137fc770de4/374x192.png\" width=\"120\" alt=\"alt_text\" border=\"0\" class=\"center-on-narrow\" style=\"height: auto; background: transparent; font-family: 'Rubik', Arial, sans-serif; text-align: left; font-size: 15px; line-height: 15px; color: #555555;\">\n                    </td>\n                  </tr>\n                </table>\n              </th>\n              <!-- Column : END -->\n              <!-- Column : BEGIN -->\n              <th width=\"70%\" class=\"stack-column-center\">\n                <table role=\"presentation\" border=\"0\" cellpadding=\"0\" cellspacing=\"0\" width=\"100%\">\n                  <tr>\n                    <td dir=\"ltr\" valign=\"top\" style=\"font-family: 'Rubik', Arial, sans-serif; font-size: 13px; line-height: 20px; color: #838B8D; padding: 10px 0; text-align: left;\" class=\"center-on-narrow\">\n                      <h2 style=\"margin: 0 0 5px 0; font-family: 'Rubik', Arial, sans-serif; font-size: 18px; line-height: 24px; color: #585D63; font-weight: 400;\">{{resource.name}}</h2>\n                      <p style=\"margin: 0 0 0px 0; font-weight: 300;\"><p>This change was initiated by <b><span class=\"shared-with\">{{initiatingUser.name}}</span></b> ({{initiatingUser.email}})</p>\n\n                    </td>\n                  </tr>\n                </table>\n              </th>\n              <!-- Column : END -->\n            </tr>\n          </table>\n        </td>\n      </tr>\n      <!-- Thumbnail Left, Text Right : END -->\n\n      \n      <tr>\n        <td style=\"padding: 30px 50px; background: #ffffff;\">\n          <!-- Button : BEGIN -->\n          <table align=\"center\" role=\"presentation\" cellspacing=\"0\" width=\"100%\" cellpadding=\"0\" border=\"0\" style=\"margin: auto;\">\n            <tr>\n              <td class=\"button-td button-td-primary\" width=\"100%\" style=\"border-radius: 4px; background: #00BA6C; text-align: center;\">\n                <a href=\"{{{billingUrl}}}\" class=\"button-a button-a-primary\" clicktracking=\"off\" style=\"background: #00BA6C; border: 1px solid #00BA6C; font-family: 'Rubik', Arial, sans-serif; text-transform: uppercase; letter-spacing: 1px; font-size: 13px; line-height: 15px; font-weight: 500; text-decoration: none; padding: 13px 37px; color: #ffffff; display: block; border-radius: 4px;\">VIEW BILLING INFORMATION</a>\n              </td>\n            </tr>\n          </table>\n          <!-- Button : END -->\n        </td>\n      </tr>\n      \n      <!-- Clear Spacer : BEGIN -->\n      <tr>\n        <td aria-hidden=\"true\" height=\"20\" style=\"background: #ffffff; font-size: 0px; line-height: 0px;\">\n          &nbsp;\n        </td>\n      </tr>\n      <!-- Clear Spacer : END -->\n      \n    </table>\n    <!-- Email Body : END -->\n    \n    <!-- Email Footer : BEGIN -->\n<table align=\"center\" role=\"presentation\" cellspacing=\"0\" cellpadding=\"0\" border=\"0\" width=\"600\" style=\"margin: auto;\" class=\"email-container\">\n  <tr>\n    <td style=\"padding: 20px; font-family: 'Rubik', Arial, sans-serif; font-size: 12px; line-height: 20px; text-align: center; color: #696969;\">\n      &copy; 2022 Grist Labs.<br>\n       <br>\n    </td>\n  </tr>\n</table>\n<!-- Email Footer : END -->\n    \n    <!--[if mso | IE]>\n    </td>\n    </tr>\n    </table>\n    <![endif]-->\n  </center>\n</body>\n</html>\n",
      "plain_content": "Membership has changed for {{org.name}} \n\nMembership has changed for {{org.name}}.\n\n{{#added}}\n User {{name}} {{email}} was added.\n {{/added}}\n {{#removed}}\n User {{name}} {{email}} was removed.\n {{/removed}}\n\nThe price of your plan is determined by the number of users, which is now {{countAfter}}.\n\n{{resource.name}}\n\nThis change was initiated by {{initiatingUser.name}} ({{initiatingUser.email}})\n\nVIEW BILLING INFORMATION {{{billingUrl}}}\n\n\u00a9 2019 Grist Labs. All rights reserved.\n\n379 W Broadway, New York, NY 10012",
      "generate_plain_content": false,
      "subject": "Membership has changed for {{org.name}}",
      "updated_at": "2022-02-08 16:46:25",
      "editor": "code",
      "test_data": "{\n  \"initiatingUser\": {\n    \"id\": 2,\n    \"name\": \"Mr Fidget\",\n    \"email\": \"fidget@spinner.com\"\n  },\n  \"added\": [\n    {\n      \"id\": 1,\n      \"comment\": \"watch out, name for added users may well be blank\",\n      \"name\": \"\",\n      \"email\": \"zig@alig.com\"\n    }\n  ],\n  \"removed\": [\n    {\n      \"id\": 3,\n      \"name\": \"Space Monkey\",\n      \"email\": \"s@m\"\n    },\n    {\n      \"id\": 4,\n      \"name\": \"Cucumber Sandwich\",\n      \"email\": \"c@s\"\n    }\n  ],\n  \"org\": {\n    \"id\": 1,\n    \"name\": \"Union of Concerned Unions\"\n  },\n  \"countBefore\": 1,\n  \"countAfter\": 3,\n  \"billingUrl\": \"https://google.com?q=billing\",\n  \"orgUrl\": \"https://google.com?q=org\"\n}",
      "thumbnail_url": "//us-east-2-production-thumbnail-bucket.s3.amazonaws.com/7e1fc200fbe7555c102ad09edfa9d0a17e13341e66e6b73d0096e05882132d9f.png"
    }
  ]
}