{
  "id": "d-3d26e43c855342bdb3df9e2907d43b62",
  "name": "TwoFactorPhoneNumberChanged",
  "generation": "dynamic",
  "updated_at": "2022-02-14 03:28:23",
  "versions": [
    {
      "id": "3043f283-d265-4370-8612-738a3a87265b",
      "user_id": 12461247,
      "template_id": "d-3d26e43c855342bdb3df9e2907d43b62",
      "active": 1,
      "name": "main",
      "html_content": "<!DOCTYPE html>\n<html lang=\"en\" xmlns=\"http://www.w3.org/1999/xhtml\" xmlns:v=\"urn:schemas-microsoft-com:vml\" xmlns:o=\"urn:schemas-microsoft-com:office:office\">\n<head>\n  <meta charset=\"utf-8\"> <!-- utf-8 works for most cases -->\n<meta name=\"viewport\" content=\"width=device-width\"> <!-- Forcing initial-scale shouldn't be necessary -->\n<meta http-equiv=\"X-UA-Compatible\" content=\"IE=edge\"> <!-- Use the latest (edge) version of IE rendering engine -->\n<meta name=\"x-apple-disable-message-reformatting\">  <!-- Disable auto-scale in iOS 10 Mail entirely -->\n<meta name=\"format-detection\" content=\"telephone=no,address=no,email=no,date=no,url=no\"> <!-- Tell iOS not to automatically link certain text strings. -->\n\n  <title>Phone number changed</title> <!-- The title tag shows in email notifications, like Android 4.4. -->\n  \n  <!-- Web Font / @font-face : BEGIN -->\n<style>\n  @import url('https://fonts.googleapis.com/css?family=Rubik:300,400,500');\n</style>\n<!-- Web Font / @font-face : END -->\n\n<!-- CSS Reset : BEGIN -->\n<style>\n\n  /* What it does: Remove spaces around the email design added by some email clients. */\n  /* Beware: It can remove the padding / margin and add a background color to the compose a reply window. */\n  html,\n  body {\n    margin: 0 !important;\n    padding: 0 !important;\n    height: 100% !important;\n    width: 100% !important;\n  }\n\n  /* What it does: Stops email clients resizing small text. */\n  * {\n    -ms-text-size-adjust: 100%;\n    -webkit-text-size-adjust: 100%;\n  }\n\n  /* What it does: Centers email on Android 4.4 */\n  div[style*=\"margin: 16px 0\"] {\n    margin: 0 !important;\n  }\n\n  /* What it does: Stops Outlook from adding extra spacing to tables. */\n  table,\n  td {\n    mso-table-lspace: 0pt !important;\n    mso-table-rspace: 0pt !important;\n  }\n\n  /* What it does: Replaces default bold style. */\n  th {\n    font-weight: normal;\n  }\n\n  /* What it does: Fixes webkit padding issue. */\n  table {\n    border-spacing: 0 !important;\n    border-collapse: collapse !important;\n    table-layout: fixed !important;\n    margin: 0 auto !important;\n  }\n\n  /* What it does: Prevents Windows 10 Mail from underlining links despite inline CSS. Styles for underlined links should be inline. */\n  a {\n    text-decoration: none;\n  }\n\n  /* What it does: Uses a better rendering method when resizing images in IE. */\n  img {\n    -ms-interpolation-mode:bicubic;\n  }\n\n  /* What it does: A work-around for email clients meddling in triggered links. */\n  a[x-apple-data-detectors],  /* iOS */\n  .unstyle-auto-detected-links a,\n  .aBn {\n    border-bottom: 0 !important;\n    cursor: default !important;\n    color: inherit !important;\n    text-decoration: none !important;\n    font-size: inherit !important;\n    font-family: inherit !important;\n    font-weight: inherit !important;\n    line-height: inherit !important;\n  }\n\n  /* What it does: Prevents Gmail from changing the text color in conversation threads. */\n  .im {\n    color: inherit !important;\n  }\n\n  /* What it does: Prevents Gmail from displaying a download button on large, non-linked images. */\n  .a6S {\n     display: none !important;\n     opacity: 0.01 !important;\n  }\n  /* If the above doesn't work, add a .g-img class to any image in question. */\n  img.g-img + div {\n     display: none !important;\n  }\n\n  /* What it does: Removes right gutter in Gmail iOS app: https://github.com/TedGoas/Cerberus/issues/89  */\n  /* Create one of these media queries for each additional viewport size you'd like to fix */\n\n  /* iPhone 4, 4S, 5, 5S, 5C, and 5SE */\n  @media only screen and (min-device-width: 320px) and (max-device-width: 374px) {\n    u ~ div .email-container {\n      min-width: 320px !important;\n    }\n  }\n  /* iPhone 6, 6S, 7, 8, and X */\n  @media only screen and (min-device-width: 375px) and (max-device-width: 413px) {\n    u ~ div .email-container {\n      min-width: 375px !important;\n    }\n  }\n  /* iPhone 6+, 7+, and 8+ */\n  @media only screen and (min-device-width: 414px) {\n    u ~ div .email-container {\n      min-width: 414px !important;\n    }\n  }\n\n</style>\n\n<!-- Desktop Outlook chokes on web font references and defaults to Times New Roman, so we force a safe fallback font. -->\n<!--[if mso]>\n<style>\n  body, table tr, table td, a, span, table.MsoNormalTable {\n    font-family: Arial, sans-serif !important;\n  }\n</style>\n<![endif]-->\n<!-- What it does: Makes background images in 72ppi Outlook render at correct size. -->\n<!--[if gte mso 9]>\n<xml>\n    <o:OfficeDocumentSettings>\n        <o:AllowPNG/>\n        <o:PixelsPerInch>96</o:PixelsPerInch>\n    </o:OfficeDocumentSettings>\n</xml>\n<![endif]-->\n\n<!-- CSS Reset : END -->\n\n<!-- Progressive Enhancements : BEGIN -->\n<style>\n  .shared-with a {color:#000000!important; text-decoration:underline!important;}\n  /* What it does: Hover styles for buttons */\n  .button-td,\n  .button-a {\n    transition: all 100ms ease-in;\n  }\n  .button-td-primary:hover,\n  .button-a-primary:hover {\n    background: #017954 !important;\n    border-color: #017954 !important;\n  }\n  \n  .button-td-secondary:hover,\n  .button-a-secondary:hover {\n    background: #2A6CF6 !important;\n    border-color: #2A6CF6 !important;\n  }\n  \n  .body-container {\n  \tborder: 1px solid #ededed;\n  }\n\n\n  /* Media Queries */\n  @media screen and (max-width: 600px) {\n\n    .email-container {\n      width: 100% !important;\n      margin: auto !important;\n    }\n\n    /* What it does: Forces table cells into full-width rows. */\n    .stack-column,\n    .stack-column-center {\n      display: block !important;\n      width: 100% !important;\n      max-width: 100% !important;\n      direction: ltr !important;\n    }\n    /* And center justify these ones. */\n    .stack-column-center {\n      text-align: center !important;\n    }\n\n    /* What it does: Generic utility class for centering. Useful for images, buttons, and nested tables. */\n    .center-on-narrow {\n      text-align: center !important;\n      display: block !important;\n      margin-left: auto !important;\n      margin-right: auto !important;\n      float: none !important;\n    }\n    table.center-on-narrow {\n      display: inline-block !important;\n    }\n\n    /* What it does: Adjust typography on small screens to improve readability */\n    .email-container p {\n      font-size: 16px !important;\n      line-height: 20px !important;\n    }\n    \n    .hideOnMobile {\n    \tdisplay: none !important;\n    }\n  }\n\n</style>\n<!-- Progressive Enhancements : END -->\n\n</head>\n<!--\n\tThe email background color (#FCFCFE) is defined in three places:\n\t1. body tag: for most email clients\n\t2. center tag: for Gmail and Inbox mobile apps and web versions of Gmail, GSuite, Inbox, Yahoo, AOL, Libero, Comcast, freenet, Mail.ru, Orange.fr\n\t3. mso conditional: For Windows 10 Mail\n-->\n<body width=\"100%\" style=\"margin: 0; padding: 0 !important; mso-line-height-rule: exactly; background-color: #FCFCFE;\">\n  <center style=\"width: 100%; background-color: #FCFCFE;\">\n    <!--[if mso | IE]>\n    <table role=\"presentation\" border=\"0\" cellpadding=\"0\" cellspacing=\"0\" width=\"100%\" style=\"background-color: #FCFCFE;\">\n    <tr>\n    <td>\n    <![endif]-->\n\n   \n    <!-- Clear Spacer : BEGIN -->\n    <tr>\n      <td aria-hidden=\"true\" height=\"20\" style=\"background: #FCFCFE; font-size: 0px; line-height: 0px;\">\n        &nbsp;\n      </td>\n    </tr>\n    <!-- Clear Spacer : END -->\n\n    <!-- Email Body : BEGIN -->\n    <table align=\"center\" role=\"presentation\" cellspacing=\"0\" cellpadding=\"0\" border=\"0\" width=\"600\" style=\"margin: auto;\" class=\"email-container body-container\">\n\n      <!-- Email Header : BEGIN -->\n<tr>\n  <td style=\"padding: 20px 50px; text-align: left; background: #FFFFFF;\">\n    <img src=\"https://marketing-image-production.s3.amazonaws.com/uploads/c7b9ab80cb9a8998cfb74340edf4a56983dc0072e304bc1379c0776363ffc625d9254ec9886e62470252d6ac9cd003ee989aa81aa7f1b380832c37e0bfe0c12c.png\" width=\"100\" alt=\"Grist\" border=\"0\" style=\"height: auto; background: #FFFFFF; font-family: 'Rubik', Arial, sans-serif; font-size: 15px; line-height: 15px; color: #07070B;\">\n  </td>\n</tr>\n<!-- Email Header : END -->\n\n      <!-- 1 Column Text + Button : BEGIN -->\n      <tr>\n        <td style=\"background-color: #FFFFFF;\">\n          <table role=\"presentation\" cellspacing=\"0\" cellpadding=\"0\" border=\"0\" width=\"100%\">\n            <tr>\n              <td style=\"padding: 10px 50px; font-family: 'Rubik', Arial, sans-serif; font-size: 14px; line-height: 20px; color: #07070B; text-align: left;\">\n                <h1 style=\"margin: 0 0 10px; font-size: 23px; font-weight: 400; line-height: 26px;\">\n                  Phone number changed.\n                </h1>\n                <p>\n                  The phone number used to receive sign-in verification codes was changed.\n                </p>\n                <p>\n                  If you did not make this change, please contact <a href=\"mailto:support@getgrist.com\">support@getgrist.com</a>.\n                </p>                \n              </td>\n            </tr>\n          </table>\n        </td>\n      </tr>\n      <!-- 1 Column Text + Button : END -->\n      \n      <!-- Clear Spacer : BEGIN -->\n      <tr>\n        <td aria-hidden=\"true\" height=\"20\" style=\"background: #ffffff; font-size: 0px; line-height: 0px;\">\n          &nbsp;\n        </td>\n      </tr>\n      <!-- Clear Spacer : END -->\n      \n    </table>\n    <!-- Email Body : END -->\n    \n    <!-- Email Footer : BEGIN -->\n<table align=\"center\" role=\"presentation\" cellspacing=\"0\" cellpadding=\"0\" border=\"0\" width=\"600\" style=\"margin: auto;\" class=\"email-container\">\n  <tr>\n    <td style=\"padding: 20px; font-family: 'Rubik', Arial, sans-serif; font-size: 12px; line-height: 20px; text-align: center; color: #696969;\">\n      &copy; 2022 Grist Labs.<br>\n       <br>\n    </td>\n  </tr>\n</table>\n<!-- Email Footer : END -->\n    \n    <!--[if mso | IE]>\n    </td>\n    </tr>\n    </table>\n    <![endif]-->\n  </center>\n</body>\n</html>\n",
      "plain_content": "*********************\nPhone number changed.\n*********************\n\nThe phone number used to receive sign-in verification codes was changed.\n\nIf you did not make this change, please contact support@getgrist.com.\n\n\u00a9 2022 Grist Labs.",
      "generate_plain_content": true,
      "subject": "Phone number changed",
      "updated_at": "2022-02-23 21:28:31",
      "editor": "code",
      "test_data": "{}",
      "thumbnail_url": "//us-east-2-production-thumbnail-bucket.s3.amazonaws.com/8c59b0934f2d2485c8eb7d178fda6ed30409ee15fb2de879a4dccb2e6c67d326.png"
    }
  ]
}